folder_name,folder_id,folder_url
0309,1gGXWa4Qg-EfwD-cq8T4aeJpKeRMlfQM-,https://drive.google.com/drive/folders1gGXWa4Qg-EfwD-cq8T4aeJpKeRMlfQM-/
0308,17vbbPEp0Sp6qAGua6WsQGwb1e0uNoc8t,https://drive.google.com/drive/folders/17vbbPEp0Sp6qAGua6WsQGwb1e0uNoc8t
0298,1R6Q3ujXCeRjENta9FJsmpv3qStP7FN7m,https://drive.google.com/drive/folders/1R6Q3ujXCeRjENta9FJsmpv3qStP7FN7m
0294,1Tq4tJYQi2UVd_5MdyBIXUzmQU9nmlIl2,https://drive.google.com/drive/folders/1Tq4tJYQi2UVd_5MdyBIXUzmQU9nmlIl2
0293,1zsYZwvA5PjHdrTut4Us3K58qfXhvbRFu,https://drive.google.com/drive/folders/1zsYZwvA5PjHdrTut4Us3K58qfXhvbRFu
0288,1i9IQa6kqkPkZXOuSgpo2PtgMS-v7KsJo,https://drive.google.com/drive/folders/1i9IQa6kqkPkZXOuSgpo2PtgMS-v7KsJo
0283,1AX5IDFLIQFKTCSVUlYgEdPFSzp6vxU2v,https://drive.google.com/drive/folders/1AX5IDFLIQFKTCSVUlYgEdPFSzp6vxU2v
0280,18SBStENIIsF7ihPOaFAZMr6DDGqp7VI0,https://drive.google.com/drive/folders/18SBStENIIsF7ihPOaFAZMr6DDGqp7VI0
0262,1SyFt-6xR7ndBRrA52uE5YD5fzp52dQCr,https://drive.google.com/drive/folders/1SyFt-6xR7ndBRrA52uE5YD5fzp52dQCr
0261,1nS6aGXPYny32AELniYh1AMbE_JQAOyAI,https://drive.google.com/drive/folders/1nS6aGXPYny32AELniYh1AMbE_JQAOyAI
0250,1Vzih_k1D7z5saFWaxnX08nGNf-hsxBu0,https://drive.google.com/drive/folders/1Vzih_k1D7z5saFWaxnX08nGNf-hsxBu0
0243,1ZsqEkqYOEnj6PTl-0hqe7hvmjWQBGfD2,https://drive.google.com/drive/folders/1ZsqEkqYOEnj6PTl-0hqe7hvmjWQBGfD2
0240,1VORwL2Qaz2jso7fOCqQPwFBM3FsiN0RO,https://drive.google.com/drive/folders/1VORwL2Qaz2jso7fOCqQPwFBM3FsiN0RO
0237,1QIFf_6Ei3vhT-9zfHDDfL8oer42TflOO,https://drive.google.com/drive/folders/1QIFf_6Ei3vhT-9zfHDDfL8oer42TflOO
0226,1kocJOMIUzt8cM3cQL71VAQiOLBk4EvDa,https://drive.google.com/drive/folders/1kocJOMIUzt8cM3cQL71VAQiOLBk4EvDa
0208,117Sd7zRRFEgmFMmsTefCL2j9GIhNEhqx,https://drive.google.com/drive/folders/117Sd7zRRFEgmFMmsTefCL2j9GIhNEhqx
0204,14QZ1b6_hu6jDa3u-sLdBdIlD5xVkdb0F,https://drive.google.com/drive/folders/14QZ1b6_hu6jDa3u-sLdBdIlD5xVkdb0F
0201,1wWR6G1Imz-OQhpLSHktPohHwWltZm3mb,https://drive.google.com/drive/folders/1wWR6G1Imz-OQhpLSHktPohHwWltZm3mb
0169,1D5fwCy8C4tAegGhX4US6y5wxgjIac-vL,https://drive.google.com/drive/folders/1D5fwCy8C4tAegGhX4US6y5wxgjIac-vL
0166,1b4XjfqXBhWjoaOe54vA-KE9D0U6MY1Z8,https://drive.google.com/drive/folders/1b4XjfqXBhWjoaOe54vA-KE9D0U6MY1Z8
0155,1H9QnbtpLUiD7IbDjba7nXk2mK2aHQdu7,https://drive.google.com/drive/folders/1H9QnbtpLUiD7IbDjba7nXk2mK2aHQdu7
0151,1KOrF55yFokltFtcPIoWju4br5nKkj1u1,https://drive.google.com/drive/folders/1KOrF55yFokltFtcPIoWju4br5nKkj1u1
0149,10MqnsuGKQ7RwQslJWxFPe4SN2vYSMOaH,https://drive.google.com/drive/folders/10MqnsuGKQ7RwQslJWxFPe4SN2vYSMOaH
0145,1H35Wav_zuFxDaDr4VaFcvRu3QJHmyXEU,https://drive.google.com/drive/folders/1H35Wav_zuFxDaDr4VaFcvRu3QJHmyXEU
0143,1uUEpwIJ4pB9iCTNIfRCsAecw4VyxiWpl,https://drive.google.com/drive/folders/1uUEpwIJ4pB9iCTNIfRCsAecw4VyxiWpl
0140,1ihjThF9A6PoN-ox8pKx5glGLU8vK6LOS,https://drive.google.com/drive/folders/1ihjThF9A6PoN-ox8pKx5glGLU8vK6LOS
0139,1ZrphsLOiRP4DhiyzRPaByuKpwkzHjLvW,https://drive.google.com/drive/folders/1ZrphsLOiRP4DhiyzRPaByuKpwkzHjLvW
0135,1ZwycJT3pVJbjpgMan04whknOy37C148O,https://drive.google.com/drive/folders/1ZwycJT3pVJbjpgMan04whknOy37C148O
0130,1Dqk3-J6LruIASBDaWsMxMUoGBuqzkBW8,https://drive.google.com/drive/folders/1Dqk3-J6LruIASBDaWsMxMUoGBuqzkBW8
0127,1B9N9R2oVF2XIP0lQ6xyAq1KbV1isVYOC,https://drive.google.com/drive/folders/1B9N9R2oVF2XIP0lQ6xyAq1KbV1isVYOC
0124,1QcAHeEs-TgvS5CLYSSFTf1HzFr1r-rBd,https://drive.google.com/drive/folders/1QcAHeEs-TgvS5CLYSSFTf1HzFr1r-rBd
0123,1lMnnhEicRJQBUEKxpqlB3emfWhMAZnKa,https://drive.google.com/drive/folders/1lMnnhEicRJQBUEKxpqlB3emfWhMAZnKa
0122,1eVK-DC794zyINxmtZdrxQ4ItoNh8mxJx,https://drive.google.com/drive/folders/1eVK-DC794zyINxmtZdrxQ4ItoNh8mxJx
0114,1k_EnOdl0GYmaI3B2ITZGFktUo1e2Ujg3,https://drive.google.com/drive/folders/1k_EnOdl0GYmaI3B2ITZGFktUo1e2Ujg3
0112,12T8obktOmm1HBt_iv6nFl2vzgp16PbQd,https://drive.google.com/drive/folders/12T8obktOmm1HBt_iv6nFl2vzgp16PbQd
0108,1jiF5weGwjiE-KQ2-QOOJzWelIWiYN-ws,https://drive.google.com/drive/folders/1jiF5weGwjiE-KQ2-QOOJzWelIWiYN-ws
0097,1ilc0aFiW3Z_TtKnXd5WqQCUUG1J8NerJ,https://drive.google.com/drive/folders/1ilc0aFiW3Z_TtKnXd5WqQCUUG1J8NerJ
0093,1YWtZQ4uWlwfp924WKXWOgejYPIZORzmF,https://drive.google.com/drive/folders/1YWtZQ4uWlwfp924WKXWOgejYPIZORzmF
0091,1TKNOWgN-6Xyl-te_fosxCwWXoBPJATfg,https://drive.google.com/drive/folders/1TKNOWgN-6Xyl-te_fosxCwWXoBPJATfg
0089,11cfZYlDED88jEcAUgrvdQzRKGgoz8BkO,https://drive.google.com/drive/folders/11cfZYlDED88jEcAUgrvdQzRKGgoz8BkO
0082,1irmKygj96s4zoSo7fs2uwKABykGtop9r,https://drive.google.com/drive/folders/1irmKygj96s4zoSo7fs2uwKABykGtop9r
0081,1_xW3NjqtWYolDiYK3OK2IloJK38EVZt4,https://drive.google.com/drive/folders/1_xW3NjqtWYolDiYK3OK2IloJK38EVZt4
0050,1_UVqhGi0xu1b0ZQfH_vf7e6elSWTY7gU,https://drive.google.com/drive/folders/1_UVqhGi0xu1b0ZQfH_vf7e6elSWTY7gU
0046,1CKAaaSnck_swUG8wMsqaaST4udlgp36v,https://drive.google.com/drive/folders/1CKAaaSnck_swUG8wMsqaaST4udlgp36v
0045,1QA3b4Eoh0F53tPFOVHB3eKevokK7kskE,https://drive.google.com/drive/folders/1QA3b4Eoh0F53tPFOVHB3eKevokK7kskE
0044,1JY-U8dcr3pOO16pp4jRbzuadJFYv96Ba,https://drive.google.com/drive/folders/1JY-U8dcr3pOO16pp4jRbzuadJFYv96Ba
0034,1Rf63J0EOHavnEggpqFcC28dIwSemaWBg,https://drive.google.com/drive/folders/1Rf63J0EOHavnEggpqFcC28dIwSemaWBg
0026,1fOsbvfqVE_WgBOrmbwO33Pj6RPBFkiRb,https://drive.google.com/drive/folders/1fOsbvfqVE_WgBOrmbwO33Pj6RPBFkiRb
0727,1mCk4gm1AWALi8YxiQSrX_PeKV9RH59d1,https://drive.google.com/drive/folders/1mCk4gm1AWALi8YxiQSrX_PeKV9RH59d1
0725,15Amr5hb5ZTvNGzG_SwicTotHT5hXUiEP,https://drive.google.com/drive/folders/15Amr5hb5ZTvNGzG_SwicTotHT5hXUiEP
0724,1ww7azymYcP_lXdBLWmiS9K-PnfLYwUHg,https://drive.google.com/drive/folders/1ww7azymYcP_lXdBLWmiS9K-PnfLYwUHg
0718,1NgoObI5-wKCMsc1GVs_LDxnXl-lyPtZI,https://drive.google.com/drive/folders/1NgoObI5-wKCMsc1GVs_LDxnXl-lyPtZI
0717,1wRgwDHSNzj8GIBx6MAJ1555hE7IMesRm,https://drive.google.com/drive/folders/1wRgwDHSNzj8GIBx6MAJ1555hE7IMesRm
0713,1LTpYaBNQbVpX0McEqsp-saSYbHR_aGdo,https://drive.google.com/drive/folders/1LTpYaBNQbVpX0McEqsp-saSYbHR_aGdo
0716,1N20a4b3-npyc43Si-WfSMa2_EJUOcHBV,https://drive.google.com/drive/folders/1N20a4b3-npyc43Si-WfSMa2_EJUOcHBV
0712,1A9KOlIDeSjj3MtIULjqf08jNFSar9H9_,https://drive.google.com/drive/folders/1A9KOlIDeSjj3MtIULjqf08jNFSar9H9_
0711,1AVenimhA-LiojFLLR18K1lFoi8_BHIXk,https://drive.google.com/drive/folders/1AVenimhA-LiojFLLR18K1lFoi8_BHIXk
0709,1adSwu-eBo1d8PtLokAZCaIJdJ_n3dTQS,https://drive.google.com/drive/folders/1adSwu-eBo1d8PtLokAZCaIJdJ_n3dTQS
0707,1Hs4IvOM6kroMyyjG3-M5H3vG7Pj32G88,https://drive.google.com/drive/folders/1Hs4IvOM6kroMyyjG3-M5H3vG7Pj32G88
0705,1zHAIdKVcHeeOITexKfWIoNACusjoFVmz,https://drive.google.com/drive/folders/1zHAIdKVcHeeOITexKfWIoNACusjoFVmz
0703,13mYsmgecEgTocS7AyI59E306RgT0GNhG,https://drive.google.com/drive/folders/13mYsmgecEgTocS7AyI59E306RgT0GNhG
0701,1XUg1Jt56YOl4865v4lyW7CdfmxPY5sW8,https://drive.google.com/drive/folders/1XUg1Jt56YOl4865v4lyW7CdfmxPY5sW8
0699,11P_wcgmQ_yyG_WzF7x181AN3kOIqWqxH,https://drive.google.com/drive/folders/11P_wcgmQ_yyG_WzF7x181AN3kOIqWqxH
0698,1_5JcF0PgZEBxTK4ERwjItD8Wlo1wELpG,https://drive.google.com/drive/folders/1_5JcF0PgZEBxTK4ERwjItD8Wlo1wELpG
0697,1br6myVROu5hrfYPLgEJsE61fn2Iev0fR,https://drive.google.com/drive/folders/1br6myVROu5hrfYPLgEJsE61fn2Iev0fR
0696,1ShNNdaXsgq_evUw_6RQnaY66m1LY1MLL,https://drive.google.com/drive/folders/1ShNNdaXsgq_evUw_6RQnaY66m1LY1MLL
0695,146dtHsPcQav2LWOQHzxD31ZbkIJlVf-_,https://drive.google.com/drive/folders/146dtHsPcQav2LWOQHzxD31ZbkIJlVf-_
0693,1ICzA05rogCoG0gkc5c--m3BlPhDuqTyI,https://drive.google.com/drive/folders/1ICzA05rogCoG0gkc5c--m3BlPhDuqTyI
0692,1kPbMJbkDQEBX49X0yqNFdEq6clx5P_Ss,https://drive.google.com/drive/folders/1kPbMJbkDQEBX49X0yqNFdEq6clx5P_Ss
0690,1C2oLuJ2HdZVpWTzmBsb5ilCEjtX_UoAZ,https://drive.google.com/drive/folders/1C2oLuJ2HdZVpWTzmBsb5ilCEjtX_UoAZ
0688,1h0ymBCEawpJv3gdTVaShhsmsVY788X9w,https://drive.google.com/drive/folders/1h0ymBCEawpJv3gdTVaShhsmsVY788X9w
0687,1GreupKVRXBIjQXJIOWL09YWyd7iwcPpz,https://drive.google.com/drive/folders/1GreupKVRXBIjQXJIOWL09YWyd7iwcPpz
0686,1w5BezI6XsirPDYraoZAjrQp5BqYsfWtL,https://drive.google.com/drive/folders/1w5BezI6XsirPDYraoZAjrQp5BqYsfWtL
0685,1En1hIfRUdaUGqd7c9e34vP2wtZSCL0eo,https://drive.google.com/drive/folders/1En1hIfRUdaUGqd7c9e34vP2wtZSCL0eo
0683,1_8VjBTFsv4_Ha999IYSqWOc0UCYS-LOk,https://drive.google.com/drive/folders/1_8VjBTFsv4_Ha999IYSqWOc0UCYS-LOk
0680,1ZZ-DXWprpR3foEBgzywmm5zvHiVhpjrp,https://drive.google.com/drive/folders/1ZZ-DXWprpR3foEBgzywmm5zvHiVhpjrp
0679,1nZDaECrzQ8wOwtG_PiB1_ropg7fs79i3,https://drive.google.com/drive/folders/1nZDaECrzQ8wOwtG_PiB1_ropg7fs79i3
0676,14q2ODqXJEm-e80tz9sBRlhgwG3tF_CsV,https://drive.google.com/drive/folders/14q2ODqXJEm-e80tz9sBRlhgwG3tF_CsV
0675,1T1cG_SPcD1yOSzYv9QK38GQs0caGo9-2,https://drive.google.com/drive/folders/1T1cG_SPcD1yOSzYv9QK38GQs0caGo9-2
0674,1aV8zJra9sibHDLRcRln_RjTaQg4zi8t2,https://drive.google.com/drive/folders/1aV8zJra9sibHDLRcRln_RjTaQg4zi8t2
0537,1Fc8TAIncBI4BT64B6tCMSzy2IaUVyidP,https://drive.google.com/drive/folders/1Fc8TAIncBI4BT64B6tCMSzy2IaUVyidP
0412,1rCZBPM9kFh5neNI2nQC01_Yj86GawUXQ,https://drive.google.com/drive/folders/1rCZBPM9kFh5neNI2nQC01_Yj86GawUXQ
0398,1jSaif_ReM4gzdmgS_rolCOXkMNyODjgJ,https://drive.google.com/drive/folders/1jSaif_ReM4gzdmgS_rolCOXkMNyODjgJ
0382,1mjqosWTLDDEyB2aAdrXrLN_FObQc9R7P,https://drive.google.com/drive/folders/1mjqosWTLDDEyB2aAdrXrLN_FObQc9R7P
0318,18w0e-9e2nj-m8oorReebuIeRCFKn3gb9,https://drive.google.com/drive/folders/18w0e-9e2nj-m8oorReebuIeRCFKn3gb9
0317,11awzq3AsfNBd5DPwdnmQzA9xH9r9LCZs,https://drive.google.com/drive/folders/11awzq3AsfNBd5DPwdnmQzA9xH9r9LCZs
0316,1wQvEfNmkg58I6-X-iR8cmekNnegrp6bK,https://drive.google.com/drive/folders/1wQvEfNmkg58I6-X-iR8cmekNnegrp6bK
0273,1a3t7rsQp8qFgGf9wAIRIJPCBw32pLB22,https://drive.google.com/drive/folders/1a3t7rsQp8qFgGf9wAIRIJPCBw32pLB22
0268,1U9gr98vAi-On46WF6ZZnCIodHwcdytPd,https://drive.google.com/drive/folders/1U9gr98vAi-On46WF6ZZnCIodHwcdytPd
0267,1LrRAwc_3Q53V9cKcEbiiufJZfTPjTdjf,https://drive.google.com/drive/folders/1LrRAwc_3Q53V9cKcEbiiufJZfTPjTdjf
0266,1bhWhnEI6ClTPswo7i3LIA3CjxnruABj-,https://drive.google.com/drive/folders1bhWhnEI6ClTPswo7i3LIA3CjxnruABj-/
0227,1kf29kOHiyah-hvgBKFDzr0mzSKWC6Q9V,https://drive.google.com/drive/folders/1kf29kOHiyah-hvgBKFDzr0mzSKWC6Q9V
0225,1OMXz2bdK6Z-nNYOiKtKTfACCVosCNNXK,https://drive.google.com/drive/folders/1OMXz2bdK6Z-nNYOiKtKTfACCVosCNNXK
0222,1Mf2DvsTqoKlnWH-SEWOEXf4gpvF6e4-l,https://drive.google.com/drive/folders/1Mf2DvsTqoKlnWH-SEWOEXf4gpvF6e4-l
0206,1_JO9_InwbolIN4t7Es3aSS014PrJwGMT,https://drive.google.com/drive/folders/1_JO9_InwbolIN4t7Es3aSS014PrJwGMT
0205,1Qwdu7iZuc1_e7kOb_3ZuOabV0S4li4ZW,https://drive.google.com/drive/folders/1Qwdu7iZuc1_e7kOb_3ZuOabV0S4li4ZW
0203,1T5ReE1fAi4MkgDHAog-QTGxTT3C_PdE8,https://drive.google.com/drive/folders/1T5ReE1fAi4MkgDHAog-QTGxTT3C_PdE8
0199,1dlMu3dF9D8qrEwz4VHzsOXXpw2ME1tEp,https://drive.google.com/drive/folders/1dlMu3dF9D8qrEwz4VHzsOXXpw2ME1tEp
0196,1tX9BxzUAH6e7Bw2TUSkMuPN4kxjhLBnT,https://drive.google.com/drive/folders/1tX9BxzUAH6e7Bw2TUSkMuPN4kxjhLBnT
0195,1kL1W7lBcJuZ0MVOoHroe1ZzrW1ci1_RT,https://drive.google.com/drive/folders/1kL1W7lBcJuZ0MVOoHroe1ZzrW1ci1_RT
0194,1TN7yIyzofOKfKeT6h69rQPgY64LsrAcV,https://drive.google.com/drive/folders/1TN7yIyzofOKfKeT6h69rQPgY64LsrAcV
0173,1MDcFppExXgIc_jirW77mjZFtMsY0r3Kz,https://drive.google.com/drive/folders/1MDcFppExXgIc_jirW77mjZFtMsY0r3Kz
0172,1YJE6aPFbq5VGnMXxfyGC6ZjvZPWuhsUP,https://drive.google.com/drive/folders/1YJE6aPFbq5VGnMXxfyGC6ZjvZPWuhsUP
0164,1CwOJnlSNuwHOYWwENaEIX_QpLBZEjlCF,https://drive.google.com/drive/folders/1CwOJnlSNuwHOYWwENaEIX_QpLBZEjlCF
0161,1lZuGFDNtDzC2qMvSKqrW1B0PdQpmJsYh,https://drive.google.com/drive/folders/1lZuGFDNtDzC2qMvSKqrW1B0PdQpmJsYh
0153,1BOZCdDOh-dW05h9PidF-laqIVUO46vdU,https://drive.google.com/drive/folders/1BOZCdDOh-dW05h9PidF-laqIVUO46vdU
0706,191cNlunGb5SEOuIUFHI9yNhEe3GCjF7e,https://drive.google.com/drive/folders/191cNlunGb5SEOuIUFHI9yNhEe3GCjF7e
0704,18UVycHOfZsEDvfL_0itYUVf_-SZnOsFB,https://drive.google.com/drive/folders/18UVycHOfZsEDvfL_0itYUVf_-SZnOsFB
0670,1vMMA4cxz9WcXbwRJexhhMvj7_xeHidjt,https://drive.google.com/drive/folders/1vMMA4cxz9WcXbwRJexhhMvj7_xeHidjt
0668,1c3VDAVGsa-qBomfMestBojo7VhHyb24K,https://drive.google.com/drive/folders/1c3VDAVGsa-qBomfMestBojo7VhHyb24K
0538,1Nx3yte-s4wIl7-WmTSNWdSObr5BhvewY,https://drive.google.com/drive/folders/1Nx3yte-s4wIl7-WmTSNWdSObr5BhvewY
0445,1xYHH_bdtxdMsWIXZwmoAlxBFRE-gCWwn,https://drive.google.com/drive/folders/1xYHH_bdtxdMsWIXZwmoAlxBFRE-gCWwn
0437,1A0N2OOcqjlkJh_6QlkyS3rVdMrSgiqg9,https://drive.google.com/drive/folders/1A0N2OOcqjlkJh_6QlkyS3rVdMrSgiqg9
0431,1biJjq7MKks6kyu3PaDghTQJ-NP2ptsOc,https://drive.google.com/drive/folders/1biJjq7MKks6kyu3PaDghTQJ-NP2ptsOc
0430,15I_fCYS5ysWdzx6wkDtKwgv65i84hO1h,https://drive.google.com/drive/folders/15I_fCYS5ysWdzx6wkDtKwgv65i84hO1h
0427,1VqYdR9vtm15FcuEvHbswkrziO8LiyeKj,https://drive.google.com/drive/folders/1VqYdR9vtm15FcuEvHbswkrziO8LiyeKj
0426,1OxpadojMOhmbYjngCi3YEqDkKNrF0LOZ,https://drive.google.com/drive/folders/1OxpadojMOhmbYjngCi3YEqDkKNrF0LOZ
0423,1e4XJSRMlyUqu4GqchmNvpRqknQs8G6vm,https://drive.google.com/drive/folders/1e4XJSRMlyUqu4GqchmNvpRqknQs8G6vm
0422,1TFchaMTvkw_Tv9qNmp4z3-UOJvC0jGtV,https://drive.google.com/drive/folders/1TFchaMTvkw_Tv9qNmp4z3-UOJvC0jGtV
0417,1XZwuojQfobYCztol0o4ynTWj99MlS--h,https://drive.google.com/drive/folders/1XZwuojQfobYCztol0o4ynTWj99MlS--h
0416,1qAlQ9w_1kTbXvuX3ejM_DH5fmrIKHLMQ,https://drive.google.com/drive/folders/1qAlQ9w_1kTbXvuX3ejM_DH5fmrIKHLMQ
0415,1rO5txQL8gdsC8pYakPhloEj3Yt9Tv68L,https://drive.google.com/drive/folders/1rO5txQL8gdsC8pYakPhloEj3Yt9Tv68L
0411,16cUIlWx8ZefY8DC3jePEjp5tWPQYaGpp,https://drive.google.com/drive/folders/16cUIlWx8ZefY8DC3jePEjp5tWPQYaGpp
0410,10CXGbd6xAIR3yPuO9wY1xHAEEZXHZwGA,https://drive.google.com/drive/folders/10CXGbd6xAIR3yPuO9wY1xHAEEZXHZwGA
0409,1EfbaWCNN5vXGhiazl6I9Z6jFdOnfDn24,https://drive.google.com/drive/folders/1EfbaWCNN5vXGhiazl6I9Z6jFdOnfDn24
0408,12slc0cdOyoAfkeG1VGujbO4Ak2HSvreC,https://drive.google.com/drive/folders/12slc0cdOyoAfkeG1VGujbO4Ak2HSvreC
0399,1gDBCvJxi_T9ntpuqC3l_XEWmvDW-bVWg,https://drive.google.com/drive/folders/1gDBCvJxi_T9ntpuqC3l_XEWmvDW-bVWg
0397,1HdRmJ-9Fswx77dgTVwyRHzZtbEzMkX2X,https://drive.google.com/drive/folders/1HdRmJ-9Fswx77dgTVwyRHzZtbEzMkX2X
0395,15iu7HVbx_UDOvOc4v1dLgxKiUoG2paAq,https://drive.google.com/drive/folders/15iu7HVbx_UDOvOc4v1dLgxKiUoG2paAq
0393,1Fg5i2-QsNCHLD_BC-BvthVFIjoJ7p9gv,https://drive.google.com/drive/folders/1Fg5i2-QsNCHLD_BC-BvthVFIjoJ7p9gv
0392,1vva2z1pOS2xOgg61Vhy6wZM1QjYg1x77,https://drive.google.com/drive/folders/1vva2z1pOS2xOgg61Vhy6wZM1QjYg1x77
0391,14zzexECk3AXLSy6cYIjDsJgDogBlOawU,https://drive.google.com/drive/folders/14zzexECk3AXLSy6cYIjDsJgDogBlOawU
0387,17y7g2b6XsniYvgWrSyoEPNkVh5tDHa-D,https://drive.google.com/drive/folders/17y7g2b6XsniYvgWrSyoEPNkVh5tDHa-D
0386,1TE0vS87RCncVSDRlDe5WzJXh6WopYClB,https://drive.google.com/drive/folders/1TE0vS87RCncVSDRlDe5WzJXh6WopYClB
0384,1imopED00rT-5i7V_EDZLaXlT7wnxsbMM,https://drive.google.com/drive/folders/1imopED00rT-5i7V_EDZLaXlT7wnxsbMM
0358,11Jv_6AWcg_8-WzGo-m5qpc7zHXyJI93T,https://drive.google.com/drive/folders/11Jv_6AWcg_8-WzGo-m5qpc7zHXyJI93T
0357,19By5s9BRzvumF8EL_RYlCCo3QY-JyC6B,https://drive.google.com/drive/folders/19By5s9BRzvumF8EL_RYlCCo3QY-JyC6B
0356,1fV6K7yelOcVCDXZ6utEt6U7-sIiBN-GM,https://drive.google.com/drive/folders/1fV6K7yelOcVCDXZ6utEt6U7-sIiBN-GM
0355,1kC95J1iH20MS1Hkk1uW9go7wDgzsFKj-,https://drive.google.com/drive/folders1kC95J1iH20MS1Hkk1uW9go7wDgzsFKj-/
0354,1HAQwvxvajF66PPHmKNHQZCwUKGyvI_NB,https://drive.google.com/drive/folders/1HAQwvxvajF66PPHmKNHQZCwUKGyvI_NB
0353,1fHCJmHdvaN52DuJl3Zr7mdDxu7gGaWfw,https://drive.google.com/drive/folders/1fHCJmHdvaN52DuJl3Zr7mdDxu7gGaWfw
0352,1iR279pAE5nX88DXemxd0R8zbTUIwgoDt,https://drive.google.com/drive/folders/1iR279pAE5nX88DXemxd0R8zbTUIwgoDt
0351,1ZUqohSDry3MPikx5_wcZIdiI_QnpANzD,https://drive.google.com/drive/folders/1ZUqohSDry3MPikx5_wcZIdiI_QnpANzD
0350,1zolVLnt3zGq8Ci_j0x9gLKwDeuOzNtyq,https://drive.google.com/drive/folders/1zolVLnt3zGq8Ci_j0x9gLKwDeuOzNtyq
0348,1yC8elVbOjcQ6T9D4BEA-KNx8QyPWjZXi,https://drive.google.com/drive/folders/1yC8elVbOjcQ6T9D4BEA-KNx8QyPWjZXi
0347,1EuMJMvk6I3f2hH0OETKfUQhre9RpZ4pq,https://drive.google.com/drive/folders/1EuMJMvk6I3f2hH0OETKfUQhre9RpZ4pq
0334,13A1tWN6nkR0F9vpOJzpS8VwGhE3EGE1t,https://drive.google.com/drive/folders/13A1tWN6nkR0F9vpOJzpS8VwGhE3EGE1t
0333,17z0drPmxY9-io4mI2idfFS-t4Op0Sh4V,https://drive.google.com/drive/folders/17z0drPmxY9-io4mI2idfFS-t4Op0Sh4V
0303,1ylk0L6p_K7_f4Kb-fhptiSe8_xR2DlZS,https://drive.google.com/drive/folders/1ylk0L6p_K7_f4Kb-fhptiSe8_xR2DlZS
0301,1id0rrbVKngGc2enROpBtgdl1IDtjopOO,https://drive.google.com/drive/folders/1id0rrbVKngGc2enROpBtgdl1IDtjopOO
0289,1g2HrDm514w0YtkUmj_3zBTN_UNXPw_tp,https://drive.google.com/drive/folders/1g2HrDm514w0YtkUmj_3zBTN_UNXPw_tp
0221,1rV3FSzGsD_s1dE2o8alq8jOHtGRaH64M,https://drive.google.com/drive/folders/1rV3FSzGsD_s1dE2o8alq8jOHtGRaH64M
0228,163tC5UpPHAW1kZS4SisJVbEoHHpYuit0,https://drive.google.com/drive/folders/163tC5UpPHAW1kZS4SisJVbEoHHpYuit0
0223,19GuL3-BdFSVs4ZM92ct-1M1ClDw4X6C9,https://drive.google.com/drive/folders/19GuL3-BdFSVs4ZM92ct-1M1ClDw4X6C9
0224,1jUj6iIIZFB1RfekJk8_1buZiCySVc9Nl,https://drive.google.com/drive/folders/1jUj6iIIZFB1RfekJk8_1buZiCySVc9Nl
0209,1HRmT5bMxDCqsrAZPwwQqXne0AiKhBNs1,https://drive.google.com/drive/folders/1HRmT5bMxDCqsrAZPwwQqXne0AiKhBNs1
0213,1iZpC7NHBzAdYcv3JSf0s_VqnBPtV5T5s,https://drive.google.com/drive/folders/1iZpC7NHBzAdYcv3JSf0s_VqnBPtV5T5s
0211,1QD8Ytx6aS-Bgl5HCZaUX_1gS7AKxhYY1,https://drive.google.com/drive/folders/1QD8Ytx6aS-Bgl5HCZaUX_1gS7AKxhYY1
0212,1BlYO7gqRCXjb_nSWc6ckh3uvYO8Uioug,https://drive.google.com/drive/folders/1BlYO7gqRCXjb_nSWc6ckh3uvYO8Uioug
0200,1O8OSYCuvYojfdnJgZztzsGbGqghCbkut,https://drive.google.com/drive/folders/1O8OSYCuvYojfdnJgZztzsGbGqghCbkut
0192,1O6EyhhJ7nqcYE8NtoHMSdulTCNt-ZBvN,https://drive.google.com/drive/folders/1O6EyhhJ7nqcYE8NtoHMSdulTCNt-ZBvN
0191,1yWb8cUQvs5PK_NYtCbAJUvqNmERkXOYb,https://drive.google.com/drive/folders/1yWb8cUQvs5PK_NYtCbAJUvqNmERkXOYb
0174,1JvmfXdfNBC4Ygt7JNPpb-WT07sSyXqKZ,https://drive.google.com/drive/folders/1JvmfXdfNBC4Ygt7JNPpb-WT07sSyXqKZ
0158,1jGvwE9g47zm07J67eoJ_GsUBtQciPqf3,https://drive.google.com/drive/folders/1jGvwE9g47zm07J67eoJ_GsUBtQciPqf3
0152,1lwn-EA_AT671OuFRAhu9mrpInAqWIR2E,https://drive.google.com/drive/folders/1lwn-EA_AT671OuFRAhu9mrpInAqWIR2E
0148,1ui8RhCUghahwRuwQCvPH-dctXaDhx-YE,https://drive.google.com/drive/folders/1ui8RhCUghahwRuwQCvPH-dctXaDhx-YE
0142,1Bg1r-vW9z0a8Nc9Bc3ooN9uFNCpCAxxU,https://drive.google.com/drive/folders/1Bg1r-vW9z0a8Nc9Bc3ooN9uFNCpCAxxU
0113,1SX9Y6Ax_TT_jhDNOmIKM2Jdzi9KDGksK,https://drive.google.com/drive/folders/1SX9Y6Ax_TT_jhDNOmIKM2Jdzi9KDGksK
0106,1A8-UlThigcXs-VHoL2aXVqgf2gnAEQJt,https://drive.google.com/drive/folders/1A8-UlThigcXs-VHoL2aXVqgf2gnAEQJt
0103,14Esc0H-LWTOLD7iRTD_1nxbyeVE6cQcR,https://drive.google.com/drive/folders/14Esc0H-LWTOLD7iRTD_1nxbyeVE6cQcR
0037,13ccUojs3U7geiamS9fkoEO_JWhX9i9dJ,https://drive.google.com/drive/folders/13ccUojs3U7geiamS9fkoEO_JWhX9i9dJ
0132,15nxdp4bsOZr5QDhg2DuytZ5nNvkRlrDh,https://drive.google.com/drive/folders/15nxdp4bsOZr5QDhg2DuytZ5nNvkRlrDh
0129,1O-wTNdzuLc3msTIqRD-RLRTj8xtoRdq9,https://drive.google.com/drive/folders/1O-wTNdzuLc3msTIqRD-RLRTj8xtoRdq9
0101,11ixnJEv5llLCWuVnZ2D9_wwYY88sCy_Z,https://drive.google.com/drive/folders/11ixnJEv5llLCWuVnZ2D9_wwYY88sCy_Z
0094,1upZaGU0sklpXJIkaBasxoZ2fQXnuNg7Y,https://drive.google.com/drive/folders/1upZaGU0sklpXJIkaBasxoZ2fQXnuNg7Y
0095,1SJM37EbV3mCZFAB_NAnJsBEeuECelENu,https://drive.google.com/drive/folders/1SJM37EbV3mCZFAB_NAnJsBEeuECelENu
0086,1HKH3Z1GLNKmvotKgD8i03x_VudI0OysL,https://drive.google.com/drive/folders/1HKH3Z1GLNKmvotKgD8i03x_VudI0OysL
0088,1DWdpRCIAlg_3B0KUD2UJHJs_rGMmiXLM,https://drive.google.com/drive/folders/1DWdpRCIAlg_3B0KUD2UJHJs_rGMmiXLM
0087,1wi2e0yb6ULCky2NIL731MRobp0d03OIf,https://drive.google.com/drive/folders/1wi2e0yb6ULCky2NIL731MRobp0d03OIf
0078,19aNL0IE5vmdBUj53IX4huqn6OFuMbTv9,https://drive.google.com/drive/folders/19aNL0IE5vmdBUj53IX4huqn6OFuMbTv9
0041,1EwjbAp0OUXvRYRfsHOKVz3pr0pfA-2vB,https://drive.google.com/drive/folders/1EwjbAp0OUXvRYRfsHOKVz3pr0pfA-2vB
0040,1uLQ9citE-nQ8V-k32JWEUSqz6pCb79Oj,https://drive.google.com/drive/folders/1uLQ9citE-nQ8V-k32JWEUSqz6pCb79Oj
0035,1NrFJ-hF0kw4lAtwjOeRoLfnEDOss4tlO,https://drive.google.com/drive/folders/1NrFJ-hF0kw4lAtwjOeRoLfnEDOss4tlO
0033,1_RjLcSN-UlxD-bsXEXC4flgvGa9gRMFf,https://drive.google.com/drive/folders/1_RjLcSN-UlxD-bsXEXC4flgvGa9gRMFf
0030,1R91rMT0_BrYEdxcm7I31AEOMAyfPACdF,https://drive.google.com/drive/folders/1R91rMT0_BrYEdxcm7I31AEOMAyfPACdF
0031,1rmkOerXGQoPd4HTD2MJC95aFz6O90bBP,https://drive.google.com/drive/folders/1rmkOerXGQoPd4HTD2MJC95aFz6O90bBP
0667,1zGZnMHA9roDhx7ogkECG7oEbKHouljgp,https://drive.google.com/drive/folders/1zGZnMHA9roDhx7ogkECG7oEbKHouljgp
0028,15E3cSK9FF1fjzLQXxPtSKsDgi1zLYzAa,https://drive.google.com/drive/folders/15E3cSK9FF1fjzLQXxPtSKsDgi1zLYzAa
0027,1_AFrXrOFw5NDcV_xeiwOaYBJrzTYbEK4,https://drive.google.com/drive/folders/1_AFrXrOFw5NDcV_xeiwOaYBJrzTYbEK4
0096,1LKY4fYog02FSr7kjDpmAVbkcj5VmNnEU,https://drive.google.com/drive/folders/1LKY4fYog02FSr7kjDpmAVbkcj5VmNnEU
0414,1WqCGcM2GwgqUijAq6pfexwqKlZHPxX5J,https://drive.google.com/drive/folders/1WqCGcM2GwgqUijAq6pfexwqKlZHPxX5J
0414,1QdJEdc4A4sBIfFDIAIm2DiusqDDJzaO9,https://drive.google.com/drive/folders/1QdJEdc4A4sBIfFDIAIm2DiusqDDJzaO9
0413,1iQaic8lMK7zA3R5azSHx8MkKR_OuIeGS,https://drive.google.com/drive/folders/1iQaic8lMK7zA3R5azSHx8MkKR_OuIeGS
0425,1pM6nE45IZag0HTdgVRnOp2yGmJbFir8J,https://drive.google.com/drive/folders/1pM6nE45IZag0HTdgVRnOp2yGmJbFir8J
0424,1M2lKlZRofYGh0LyL_VDfsbi7LHy6jrbb,https://drive.google.com/drive/folders/1M2lKlZRofYGh0LyL_VDfsbi7LHy6jrbb
0407,1EnuwviiBITzyyGuTCIiry91vA51-0jfi,https://drive.google.com/drive/folders/1EnuwviiBITzyyGuTCIiry91vA51-0jfi
0406,1erqaqWqWnOO-uil13Tz4eIG3GS6Bmx8_,https://drive.google.com/drive/folders/1erqaqWqWnOO-uil13Tz4eIG3GS6Bmx8_
0405,1_1EMm-ABykb47yyMnQ-I-f2saIh9PzbY,https://drive.google.com/drive/folders/1_1EMm-ABykb47yyMnQ-I-f2saIh9PzbY
0401,1XawPG7JA4QkFBwV5gUTTr-0Tn4sqIwy0,https://drive.google.com/drive/folders/1XawPG7JA4QkFBwV5gUTTr-0Tn4sqIwy0
0400,1uAlJygeLiLcgDsYSHQdAOwrfQJV4eXGC,https://drive.google.com/drive/folders/1uAlJygeLiLcgDsYSHQdAOwrfQJV4eXGC
0245,1oznC2fsJZwQn3UQ-N-rJoF7rTvQXYeHk,https://drive.google.com/drive/folders/1oznC2fsJZwQn3UQ-N-rJoF7rTvQXYeHk
0244,11cQYF4MTmMmEV3sfMbdlZa9N3kSY-Wu8,https://drive.google.com/drive/folders/11cQYF4MTmMmEV3sfMbdlZa9N3kSY-Wu8
0239,1eYqntjq7vbtEMYihUbjXZU7DJ7aH7bvZ,https://drive.google.com/drive/folders/1eYqntjq7vbtEMYihUbjXZU7DJ7aH7bvZ
0236,10p-dnEvtYO2PVSYPpYIa49AzTwUjXThy,https://drive.google.com/drive/folders/10p-dnEvtYO2PVSYPpYIa49AzTwUjXThy
0234,1fp5V_GzpQgbCysXvJhJZsBDeRnNC6h2b,https://drive.google.com/drive/folders/1fp5V_GzpQgbCysXvJhJZsBDeRnNC6h2b
0230,1wIz0kz8ygaBQRaNqc6ASwnzO2_NscgiX,https://drive.google.com/drive/folders/1wIz0kz8ygaBQRaNqc6ASwnzO2_NscgiX
0229,1tG44V3nbIRs3gWDJv-gu3iYplJDErFHW,https://drive.google.com/drive/folders/1tG44V3nbIRs3gWDJv-gu3iYplJDErFHW
0702,1ZwvdKkgc6ST9C6u5mtzpQ5Uq9WzxCgFJ,https://drive.google.com/drive/folders/1ZwvdKkgc6ST9C6u5mtzpQ5Uq9WzxCgFJ
0666,1QjV4GpqU2XFppbFFGY0r2TD7bqro5jcW,https://drive.google.com/drive/folders/1QjV4GpqU2XFppbFFGY0r2TD7bqro5jcW
0665,1LDukXsc-L42mxb90n6RarFyO4DTHiKxz,https://drive.google.com/drive/folders/1LDukXsc-L42mxb90n6RarFyO4DTHiKxz
0663,1ybaA79NUUuLfLMmmFoJxf8ScxbKPyMXw,https://drive.google.com/drive/folders/1ybaA79NUUuLfLMmmFoJxf8ScxbKPyMXw
0662,1JiQCCOUykQt6geoTj2VE_CfamNBO7t6O,https://drive.google.com/drive/folders/1JiQCCOUykQt6geoTj2VE_CfamNBO7t6O
0660,1YQAHJDMPCLwj03ZU2NeJVaglcUJwO-3C,https://drive.google.com/drive/folders/1YQAHJDMPCLwj03ZU2NeJVaglcUJwO-3C
0659,1KFmlBQink5mmljAYPbB8xYrf87jLPM5l,https://drive.google.com/drive/folders/1KFmlBQink5mmljAYPbB8xYrf87jLPM5l
0658,1HwgbKbMSf8C7IKgDU1VCpWQs4F7hpf1w,https://drive.google.com/drive/folders/1HwgbKbMSf8C7IKgDU1VCpWQs4F7hpf1w
0657,1eVT33SkOGv9xYjT80mK2UOKoYAL-FMk2,https://drive.google.com/drive/folders/1eVT33SkOGv9xYjT80mK2UOKoYAL-FMk2
0656,1momtpLYRFx3ULEfo5bQZ0GQj5z-rYAs9,https://drive.google.com/drive/folders/1momtpLYRFx3ULEfo5bQZ0GQj5z-rYAs9
0655,1pDc6_6mmkq1hglslZrHSwyJNxQoOwYWS,https://drive.google.com/drive/folders/1pDc6_6mmkq1hglslZrHSwyJNxQoOwYWS
0653,1il6_O84wJKUO-TkaGt1QmbKecHP2ZCaE,https://drive.google.com/drive/folders/1il6_O84wJKUO-TkaGt1QmbKecHP2ZCaE
0654,1feUXOmHB-NLQuvnKOQSk9tYF4tvdPAV8,https://drive.google.com/drive/folders/1feUXOmHB-NLQuvnKOQSk9tYF4tvdPAV8
0651,1a6y5scfdQWXEAwKvPuzZN_ZgHyPwkidS,https://drive.google.com/drive/folders/1a6y5scfdQWXEAwKvPuzZN_ZgHyPwkidS
0650,1roQ20RyUx_bv3zLyv5IguIQ6sHEQU1wJ,https://drive.google.com/drive/folders/1roQ20RyUx_bv3zLyv5IguIQ6sHEQU1wJ
0648,1UQ2sMJAHEWL24YxLC8nRxZPh1C9jlgea,https://drive.google.com/drive/folders/1UQ2sMJAHEWL24YxLC8nRxZPh1C9jlgea
0647,1VtMSCgV96jk_Eizln1G7ktD_AyQ_MORj,https://drive.google.com/drive/folders/1VtMSCgV96jk_Eizln1G7ktD_AyQ_MORj
0646,1JTYU1Pvs885zIG5vGaez-iRplY5oCzkt,https://drive.google.com/drive/folders/1JTYU1Pvs885zIG5vGaez-iRplY5oCzkt
0644,1amNepS8xLW7QEoFV93Q2JevMXXr8wYRy,https://drive.google.com/drive/folders/1amNepS8xLW7QEoFV93Q2JevMXXr8wYRy
0643,1gxO_hNx2hOAX8c08iO-XJ3kG6wdix2Go,https://drive.google.com/drive/folders/1gxO_hNx2hOAX8c08iO-XJ3kG6wdix2Go
0639,1eoGYh0zJOtn7Xz76ZC8-QrE5tUATf209,https://drive.google.com/drive/folders/1eoGYh0zJOtn7Xz76ZC8-QrE5tUATf209
0636,1cakXMi2VfzpL1hbP_tMoUa8kRzu6I3wQ,https://drive.google.com/drive/folders/1cakXMi2VfzpL1hbP_tMoUa8kRzu6I3wQ
0632,1YGBFSv6yBOoEdz6fXYJ5tUia8XU_AB_u,https://drive.google.com/drive/folders/1YGBFSv6yBOoEdz6fXYJ5tUia8XU_AB_u
0631,1xz-7BdDCth8pzgW8Jp2uAJBgj-j9SMlR,https://drive.google.com/drive/folders/1xz-7BdDCth8pzgW8Jp2uAJBgj-j9SMlR
0630,1pbpuC-DxcT3NRyEL0fVmw0U7g6rRCEOd,https://drive.google.com/drive/folders/1pbpuC-DxcT3NRyEL0fVmw0U7g6rRCEOd
0625,1q_joEhY1A6KfQJEcUWXYoIo7xMYFmTSe,https://drive.google.com/drive/folders/1q_joEhY1A6KfQJEcUWXYoIo7xMYFmTSe
0616,1ez1vSGgvgOky5UMxf528IOBkrBZLp6Ww,https://drive.google.com/drive/folders/1ez1vSGgvgOky5UMxf528IOBkrBZLp6Ww
0611,1ze94Ih_RlN73yXXp-Rwm2hv3AWF0Lqo5,https://drive.google.com/drive/folders/1ze94Ih_RlN73yXXp-Rwm2hv3AWF0Lqo5
0609,1qXNy0I3EVBxkGFdHeuYOLlzTVBp_UZqT,https://drive.google.com/drive/folders/1qXNy0I3EVBxkGFdHeuYOLlzTVBp_UZqT
0603,14QrJ9X4y2Ia6YL1Ypo4ohNRIjJj_wcyW,https://drive.google.com/drive/folders/14QrJ9X4y2Ia6YL1Ypo4ohNRIjJj_wcyW
0602,1vsZ_09jo2WFMQ45t1ogq91UZDGiFQ66m,https://drive.google.com/drive/folders/1vsZ_09jo2WFMQ45t1ogq91UZDGiFQ66m
0600,1g1tGiCp3J9S2SZQJCl611vA7HDY_my9J,https://drive.google.com/drive/folders/1g1tGiCp3J9S2SZQJCl611vA7HDY_my9J
0599,1QnKRhPSQUgsNDejeeRKVKuA13nvuRR-f,https://drive.google.com/drive/folders/1QnKRhPSQUgsNDejeeRKVKuA13nvuRR-f
0598,1Yd3D8VJe5lqSz1iF1lWFhNlLLsTrfEjn,https://drive.google.com/drive/folders/1Yd3D8VJe5lqSz1iF1lWFhNlLLsTrfEjn
0597,1CmJ6tM-nuAyXnxmSfRhdcrGTA7RjtHn3,https://drive.google.com/drive/folders/1CmJ6tM-nuAyXnxmSfRhdcrGTA7RjtHn3
0596,1Yza0qw8Gzszh6BJnywrEBQrsFnFCWTYa,https://drive.google.com/drive/folders/1Yza0qw8Gzszh6BJnywrEBQrsFnFCWTYa
0595,1_T43eLjZ3Vcj1GwywzImlsTnInEnEl4v,https://drive.google.com/drive/folders/1_T43eLjZ3Vcj1GwywzImlsTnInEnEl4v
0592,1-imTc8OGQ_t0UbPWIh6440RjnNA4P-NE,https://drive.google.com/drive/folders/1-imTc8OGQ_t0UbPWIh6440RjnNA4P-NE
0590,1nDJMIuC_f7An3JsO-aE2qmx11zvVY01f,https://drive.google.com/drive/folders/1nDJMIuC_f7An3JsO-aE2qmx11zvVY01f
0589,1OBmNQUC0xsiI_AjbHp1h-XvBj9ygkxHK,https://drive.google.com/drive/folders/1OBmNQUC0xsiI_AjbHp1h-XvBj9ygkxHK
0588,1ycKi-8MxboOGND6bwzZ6un2PydKzZF85,https://drive.google.com/drive/folders/1ycKi-8MxboOGND6bwzZ6un2PydKzZF85
0587,1GgK_ZF_8La7MSbS_Do2iQ2mGYmyffyzN,https://drive.google.com/drive/folders/1GgK_ZF_8La7MSbS_Do2iQ2mGYmyffyzN
0586,1MQcz9mXslPbM2y0xHSDSk61CO6zLpKKI,https://drive.google.com/drive/folders/1MQcz9mXslPbM2y0xHSDSk61CO6zLpKKI
0550,1nOw0e77NPRjoq2GGrsk_gyMXna82_8yz,https://drive.google.com/drive/folders/1nOw0e77NPRjoq2GGrsk_gyMXna82_8yz
0549,19zZsWNcdiJbPlZzF9_C97U9cvntYNkyA,https://drive.google.com/drive/folders/19zZsWNcdiJbPlZzF9_C97U9cvntYNkyA
0548,1ROT6Lh_ZBg_MRheuZp_oLdbbG-f35xja,https://drive.google.com/drive/folders/1ROT6Lh_ZBg_MRheuZp_oLdbbG-f35xja
0546,1b9-aeblok8fJTyRJzlIlaxGIf5MQ6BkN,https://drive.google.com/drive/folders/1b9-aeblok8fJTyRJzlIlaxGIf5MQ6BkN
0545,1RoBav2gLl_01lQGOniiEsGiv86lmM6tl,https://drive.google.com/drive/folders/1RoBav2gLl_01lQGOniiEsGiv86lmM6tl
0544,1RnIy3SDTzbjQkmh5QZnsrzotfIJtzspf,https://drive.google.com/drive/folders/1RnIy3SDTzbjQkmh5QZnsrzotfIJtzspf
0543,1L2l65dA9jcp7yf3mCwW3jZ7WnhRPP-i1,https://drive.google.com/drive/folders/1L2l65dA9jcp7yf3mCwW3jZ7WnhRPP-i1
0532,1XholbJz9E9ZAdW9dalBJ07mPkvnp6KBV,https://drive.google.com/drive/folders/1XholbJz9E9ZAdW9dalBJ07mPkvnp6KBV
0530,1cbooCVvwqBjt7QxagwB7GcGrBbqXU0Tw,https://drive.google.com/drive/folders/1cbooCVvwqBjt7QxagwB7GcGrBbqXU0Tw
0528,1jxfzGncqDjo6lRnMbqFUtkXP1tRDa3Hn,https://drive.google.com/drive/folders/1jxfzGncqDjo6lRnMbqFUtkXP1tRDa3Hn
0526,1KwyTkvsW-G-iGuJos6kHorhnMJMyXgbz,https://drive.google.com/drive/folders/1KwyTkvsW-G-iGuJos6kHorhnMJMyXgbz
0525,1aAZNN1mFRCiN-sgv_e7TUHfZeKP2hau2,https://drive.google.com/drive/folders/1aAZNN1mFRCiN-sgv_e7TUHfZeKP2hau2
0524,14SiuRJD4juszIYEmIu0VmUgUZuvVhETg,https://drive.google.com/drive/folders/14SiuRJD4juszIYEmIu0VmUgUZuvVhETg
0523,12akRFqetUMFNHkQXCeQSS3sfy8iKA9Wx,https://drive.google.com/drive/folders/12akRFqetUMFNHkQXCeQSS3sfy8iKA9Wx
0518,1VdRyVPraZtAh_QdZ67ptNDaXVbmVjKZx,https://drive.google.com/drive/folders/1VdRyVPraZtAh_QdZ67ptNDaXVbmVjKZx
0517,1ljtWSLfyWSLizvA2TJ9LDqVr6u3iVuXG,https://drive.google.com/drive/folders/1ljtWSLfyWSLizvA2TJ9LDqVr6u3iVuXG
0516,1DzCeypZUWclbsK5BxMm-4OOytIXeWr_N,https://drive.google.com/drive/folders/1DzCeypZUWclbsK5BxMm-4OOytIXeWr_N
0515,1u36a-XJ3BK_zcFRNnSvkT9KVTHzhTnQ6,https://drive.google.com/drive/folders/1u36a-XJ3BK_zcFRNnSvkT9KVTHzhTnQ6
0512,1TMgAjmDTF97T-p2FsJVt7VOMrEjukVeQ,https://drive.google.com/drive/folders/1TMgAjmDTF97T-p2FsJVt7VOMrEjukVeQ
0513,1h02rinvUaO1gxnLDkacTbosydcv-AfVn,https://drive.google.com/drive/folders/1h02rinvUaO1gxnLDkacTbosydcv-AfVn
0511,1ClnRkypUomz4nVhYcMAnroUITF800N7T,https://drive.google.com/drive/folders/1ClnRkypUomz4nVhYcMAnroUITF800N7T
0510,1XYsJh589GCXaMSDTgCSQXaJYrquRUGNl,https://drive.google.com/drive/folders/1XYsJh589GCXaMSDTgCSQXaJYrquRUGNl
0506,19IA4EBcEolZ5XcEHWsRNCcsoAuKBQ-r2,https://drive.google.com/drive/folders/19IA4EBcEolZ5XcEHWsRNCcsoAuKBQ-r2
0505,1LpV2gJR4nTYAl4CPiT24YSFOpVL7pfeu,https://drive.google.com/drive/folders/1LpV2gJR4nTYAl4CPiT24YSFOpVL7pfeu
0504,1oZDOxPtVB-k3AXGB-8OYV8zrKG_L51Y1,https://drive.google.com/drive/folders/1oZDOxPtVB-k3AXGB-8OYV8zrKG_L51Y1
0502,1Bs5_nQRqGXVA4OhS9TiPNbVFLxZ7zdY3,https://drive.google.com/drive/folders/1Bs5_nQRqGXVA4OhS9TiPNbVFLxZ7zdY3
0501,1wQo3e3VxSTdTWvvQ4lEAwum5abYLfK0q,https://drive.google.com/drive/folders/1wQo3e3VxSTdTWvvQ4lEAwum5abYLfK0q
0497,1nTZe2RRtmZKwNQz0H1xdhRIGrabTcegM,https://drive.google.com/drive/folders/1nTZe2RRtmZKwNQz0H1xdhRIGrabTcegM
0499,17jzSNIX4d5rX_gewTXXokQDIOgobyT_T,https://drive.google.com/drive/folders/17jzSNIX4d5rX_gewTXXokQDIOgobyT_T
0498,19algEXs_pnrx6Dtas9OfJvD6S2CplACw,https://drive.google.com/drive/folders/19algEXs_pnrx6Dtas9OfJvD6S2CplACw
0496,1_8XBH07ktsoKW0DSUFOT2665kSalHnXh,https://drive.google.com/drive/folders/1_8XBH07ktsoKW0DSUFOT2665kSalHnXh
0495,1hz4goITkBl5nz7bLABa_2Qc_g37VynDc,https://drive.google.com/drive/folders/1hz4goITkBl5nz7bLABa_2Qc_g37VynDc
0492,1nCqh5RulABRHIulISbzLXmpzms2zZAf9,https://drive.google.com/drive/folders/1nCqh5RulABRHIulISbzLXmpzms2zZAf9
0490,1QHnqljbNgekyzwHOP45jHnNswfsA3fXb,https://drive.google.com/drive/folders/1QHnqljbNgekyzwHOP45jHnNswfsA3fXb
0489,13imcUz8KZXpCOKSkdZREA-yxJPwi3yna,https://drive.google.com/drive/folders/13imcUz8KZXpCOKSkdZREA-yxJPwi3yna
0488,1hs9MryPAz-jaKIu0oH5dPsS5ujCjwNtN,https://drive.google.com/drive/folders/1hs9MryPAz-jaKIu0oH5dPsS5ujCjwNtN
0485,1OWg7Ora5Vdkuk4NTyqwkCdZlSDD89ebH,https://drive.google.com/drive/folders/1OWg7Ora5Vdkuk4NTyqwkCdZlSDD89ebH
0483,10c47Joyjfb-NKN8niHfDOwU05dhYn_lM,https://drive.google.com/drive/folders/10c47Joyjfb-NKN8niHfDOwU05dhYn_lM
0482,1qOysEBjG7bClgFQSZg5Ux4R1RE3AYIl_,https://drive.google.com/drive/folders/1qOysEBjG7bClgFQSZg5Ux4R1RE3AYIl_
0481,1R-hgiJ8MvqYN-n0IpBwFLxrWqF_PIan5,https://drive.google.com/drive/folders/1R-hgiJ8MvqYN-n0IpBwFLxrWqF_PIan5
0480,1_h9djMFBPUy2oHpPMguGJrofx3OmC6te,https://drive.google.com/drive/folders/1_h9djMFBPUy2oHpPMguGJrofx3OmC6te
0478,144WiT93X-NPkoruElVKhoLuT2PiuY0kV,https://drive.google.com/drive/folders/144WiT93X-NPkoruElVKhoLuT2PiuY0kV
0477,1rqHU2_RD2Rj8gKXrs11QTSz_raBYBJpq,https://drive.google.com/drive/folders/1rqHU2_RD2Rj8gKXrs11QTSz_raBYBJpq
0476,18py0h09GQ3RpMkH3iCAo_Eq6Zdh9gnyt,https://drive.google.com/drive/folders/18py0h09GQ3RpMkH3iCAo_Eq6Zdh9gnyt
0475,1FtoJ3nbjnYYY5jYeCgNcMQLYalnW22vQ,https://drive.google.com/drive/folders/1FtoJ3nbjnYYY5jYeCgNcMQLYalnW22vQ
0474,1AJgrpoTZu1QHpX_NzoMxurCSf3LZHOII,https://drive.google.com/drive/folders/1AJgrpoTZu1QHpX_NzoMxurCSf3LZHOII
0473,1HJcIeszgvu1WBaofxmdXC1OTWi1SI_QU,https://drive.google.com/drive/folders/1HJcIeszgvu1WBaofxmdXC1OTWi1SI_QU
0472,1qbLg2g1l5Sn1hYjBb0ecIvV2KjHGTLU2,https://drive.google.com/drive/folders/1qbLg2g1l5Sn1hYjBb0ecIvV2KjHGTLU2
0471,1ED4eowNv5OwCuIJXsSkxJuFw2B4KrgVY,https://drive.google.com/drive/folders/1ED4eowNv5OwCuIJXsSkxJuFw2B4KrgVY
0470,1P80FUZGgDgqxs496VY0FIX5DTPFIK8e7,https://drive.google.com/drive/folders/1P80FUZGgDgqxs496VY0FIX5DTPFIK8e7
0469,1nuSDdrhB26IHI611Er6_xUBJ_oN9r5ct,https://drive.google.com/drive/folders/1nuSDdrhB26IHI611Er6_xUBJ_oN9r5ct
0468,1ZGEHF2LM6QB1PCW3uMCrv2vdnurVtA6C,https://drive.google.com/drive/folders/1ZGEHF2LM6QB1PCW3uMCrv2vdnurVtA6C
0467,1WncDSFCSTcpIrcd6s5IwfUpKDevEIJZR,https://drive.google.com/drive/folders/1WncDSFCSTcpIrcd6s5IwfUpKDevEIJZR
0466,1sZImxUu3UYcRqC8sH4qjMYBJdTHPO9-9,https://drive.google.com/drive/folders/1sZImxUu3UYcRqC8sH4qjMYBJdTHPO9-9
0461,1pkQ6EQ52jl_pdN-BqadN0WzFyDLqAg7H,https://drive.google.com/drive/folders/1pkQ6EQ52jl_pdN-BqadN0WzFyDLqAg7H
0460,1WQMLMGd98m-9IBdVHOR8VSyLRP9JhbsT,https://drive.google.com/drive/folders/1WQMLMGd98m-9IBdVHOR8VSyLRP9JhbsT
0459,1kldu8i6hlUMRVSX_GIvKnqZ-5Uj1C34U,https://drive.google.com/drive/folders/1kldu8i6hlUMRVSX_GIvKnqZ-5Uj1C34U
0458,12sl1ZCRW0mb4-pI9Ml3Tk6u1Y2u9mY_o,https://drive.google.com/drive/folders/12sl1ZCRW0mb4-pI9Ml3Tk6u1Y2u9mY_o
0457,1EuMTsvQ9Qdmjos5UvuMSfhopHtujuth0,https://drive.google.com/drive/folders/1EuMTsvQ9Qdmjos5UvuMSfhopHtujuth0
0456,1lBIE2y5Xe55ySCSdJ5ZQFZ4ln9w6NXkQ,https://drive.google.com/drive/folders/1lBIE2y5Xe55ySCSdJ5ZQFZ4ln9w6NXkQ
0455,1DplkNFU0V2wQGJe8Atc_-GSnikXT4hpZ,https://drive.google.com/drive/folders/1DplkNFU0V2wQGJe8Atc_-GSnikXT4hpZ
0454,1cIal9oZlII-LsL6GphE6ljYsbtWzr1HL,https://drive.google.com/drive/folders/1cIal9oZlII-LsL6GphE6ljYsbtWzr1HL
0453,1UWkWnUU6hLzneS17gjPTcHAKhhSc9A5m,https://drive.google.com/drive/folders/1UWkWnUU6hLzneS17gjPTcHAKhhSc9A5m
0449,1GewGM6tFX-sd14FptTzZYPeDqhWFYU5G,https://drive.google.com/drive/folders/1GewGM6tFX-sd14FptTzZYPeDqhWFYU5G
0446,1BYDxChOvGqhewc6z-bYYDPT8KCxNbrl8,https://drive.google.com/drive/folders/1BYDxChOvGqhewc6z-bYYDPT8KCxNbrl8
0444,1AOcbCup94tTBB0tbQZFB1cVrTXWzWk8r,https://drive.google.com/drive/folders/1AOcbCup94tTBB0tbQZFB1cVrTXWzWk8r
0442,1BL8TPDczMLjxbDGL7ljyXlaQTvVOWKs2,https://drive.google.com/drive/folders/1BL8TPDczMLjxbDGL7ljyXlaQTvVOWKs2
0439,1KgeeCplLSVCjt3XvI1-uTZIgsUQIonFj,https://drive.google.com/drive/folders/1KgeeCplLSVCjt3XvI1-uTZIgsUQIonFj
0171,1TL9N-TwydRi24tuJjGFRk9QJBaMrCUjx,https://drive.google.com/drive/folders/1TL9N-TwydRi24tuJjGFRk9QJBaMrCUjx
0167,1J9FrZ_yABLjauOyZllYsD4mQ5j17F9I6,https://drive.google.com/drive/folders/1J9FrZ_yABLjauOyZllYsD4mQ5j17F9I6
0165,1ctAD15hHzcYoTTk1pBWFnWvadzoqok2d,https://drive.google.com/drive/folders/1ctAD15hHzcYoTTk1pBWFnWvadzoqok2d
0163,1veK44kyOuqt9VZsCpKTdU8pH9jIa4Iuw,https://drive.google.com/drive/folders/1veK44kyOuqt9VZsCpKTdU8pH9jIa4Iuw
0162,1jGIDmEekYTUWtwr4oYtzy4RsbSCU5l9S,https://drive.google.com/drive/folders/1jGIDmEekYTUWtwr4oYtzy4RsbSCU5l9S
0160,1vFAV2iFJ0trZ8PQomgT7-M0Vlg4USbY1,https://drive.google.com/drive/folders/1vFAV2iFJ0trZ8PQomgT7-M0Vlg4USbY1
0159,1UT94zR2tFuqSI9Q8SPTl2aIUUBN_4bIO,https://drive.google.com/drive/folders/1UT94zR2tFuqSI9Q8SPTl2aIUUBN_4bIO
0157,1NLXyY1qOKfVi26W0h4vqDSoelcUdEiz-,https://drive.google.com/drive/folders1NLXyY1qOKfVi26W0h4vqDSoelcUdEiz-/
0156,14n_DyEXNuyS01bjAedbkDRVoMP1ogXJq,https://drive.google.com/drive/folders/14n_DyEXNuyS01bjAedbkDRVoMP1ogXJq
0154,1MRJEBIpaskf1AZuQDl6JpcgxOpiCrd_T,https://drive.google.com/drive/folders/1MRJEBIpaskf1AZuQDl6JpcgxOpiCrd_T
0121,1adYlriReA6T8X5rxVtY7ynB7k8Al1iVn,https://drive.google.com/drive/folders/1adYlriReA6T8X5rxVtY7ynB7k8Al1iVn
0146,1jVIZLPh5cdZQjQ2A67VTmbWU3SbHXIvm,https://drive.google.com/drive/folders/1jVIZLPh5cdZQjQ2A67VTmbWU3SbHXIvm
0138,1nAVxxmlq_NOmQQh-ZOZy_SGuqcDwAru4,https://drive.google.com/drive/folders/1nAVxxmlq_NOmQQh-ZOZy_SGuqcDwAru4
0126,1INKs9JcxubADCtfQ81qUB8nUAFp9sfT5,https://drive.google.com/drive/folders/1INKs9JcxubADCtfQ81qUB8nUAFp9sfT5
0137,1pIQGq7ndhsF_tyopRAnfmHYp27Y6uEoj,https://drive.google.com/drive/folders/1pIQGq7ndhsF_tyopRAnfmHYp27Y6uEoj
0133,1c6u5aK0v4AX2Mh8u06lcxhyxJr7rVrsE,https://drive.google.com/drive/folders/1c6u5aK0v4AX2Mh8u06lcxhyxJr7rVrsE
0128,19eS5SdsFqq0rmViYVvXtIgjq9QwMfvjp,https://drive.google.com/drive/folders/19eS5SdsFqq0rmViYVvXtIgjq9QwMfvjp
0141,1r9Iq6HSg32kWv2n1wOZ_G5noCqVrd_wk,https://drive.google.com/drive/folders/1r9Iq6HSg32kWv2n1wOZ_G5noCqVrd_wk
0144,1YrgRMdJ6Y22w5Pg4VRSFGXJq9bMb1788,https://drive.google.com/drive/folders/1YrgRMdJ6Y22w5Pg4VRSFGXJq9bMb1788
0131,1dBSB4-_msqH7mf7W1nkujtkNpuEburGY,https://drive.google.com/drive/folders/1dBSB4-_msqH7mf7W1nkujtkNpuEburGY
0385,1Z8OWQ-sA_nEAcu8qZM7-u2T7xRJxBaV1,https://drive.google.com/drive/folders/1Z8OWQ-sA_nEAcu8qZM7-u2T7xRJxBaV1
0381,143ff0tKc44YdDW1Oa6pba0piG26d_7EM,https://drive.google.com/drive/folders/143ff0tKc44YdDW1Oa6pba0piG26d_7EM
0380,1HBJcIuJQFG0pJuCfV1wezaAD8Odw953X,https://drive.google.com/drive/folders/1HBJcIuJQFG0pJuCfV1wezaAD8Odw953X
0378,15ll5oIZrXrUWNTonfsxi7AB_OV1NBWxl,https://drive.google.com/drive/folders/15ll5oIZrXrUWNTonfsxi7AB_OV1NBWxl
0375,1lfoiawEi5h95mRxgPlpbtxXcRHsVcvcL,https://drive.google.com/drive/folders/1lfoiawEi5h95mRxgPlpbtxXcRHsVcvcL
0371,1ohQ0KBZrGVIYzjzpVAKf3b4IbOh9-Zv9,https://drive.google.com/drive/folders/1ohQ0KBZrGVIYzjzpVAKf3b4IbOh9-Zv9
0372,1yDYZsP-ylD3b_o1sC9HQiLj85V0Y6rwM,https://drive.google.com/drive/folders/1yDYZsP-ylD3b_o1sC9HQiLj85V0Y6rwM
0367,16st2ThHMZR5FwLOjx4IcIiNU1PHJFS2J,https://drive.google.com/drive/folders/16st2ThHMZR5FwLOjx4IcIiNU1PHJFS2J
0366,1Lwj_kBD1AjzQuyGySJ4b1Tb1Z9DnBTXP,https://drive.google.com/drive/folders/1Lwj_kBD1AjzQuyGySJ4b1Tb1Z9DnBTXP
0365,1HFVUtOrePm3Ser1ROnqk7IypXj_S9kIl,https://drive.google.com/drive/folders/1HFVUtOrePm3Ser1ROnqk7IypXj_S9kIl
0364,1avgIAoFqEryD0gckNtk8KP3lI96Lojot,https://drive.google.com/drive/folders/1avgIAoFqEryD0gckNtk8KP3lI96Lojot
0361,10BNFab6hQTdQQRL0H5rOlsy2XOjz_aEq,https://drive.google.com/drive/folders/10BNFab6hQTdQQRL0H5rOlsy2XOjz_aEq
0346,1bm0cOhh1_ZdETCkdUcjyiwqxZy0m05RY,https://drive.google.com/drive/folders/1bm0cOhh1_ZdETCkdUcjyiwqxZy0m05RY
0349,1bnTIGv-SFOFl86ji6cvA8DGZ9FAxkn3a,https://drive.google.com/drive/folders/1bnTIGv-SFOFl86ji6cvA8DGZ9FAxkn3a
0344,14y0OVp19o-8mvUIyg16ytggQuFIXbIpw,https://drive.google.com/drive/folders/14y0OVp19o-8mvUIyg16ytggQuFIXbIpw
0339,1-N6okOedqjaFQec-ocZBAD29nb4Y5413,https://drive.google.com/drive/folders/1-N6okOedqjaFQec-ocZBAD29nb4Y5413
0338,18umGqmLwuuIs1Spr9kjV_BfgjyzNCQ_q,https://drive.google.com/drive/folders/18umGqmLwuuIs1Spr9kjV_BfgjyzNCQ_q
0336,1ybGq4QK2HBUYl7BPaxVu4uIruH1sFETN,https://drive.google.com/drive/folders/1ybGq4QK2HBUYl7BPaxVu4uIruH1sFETN
0337,1jX7_nFbQb2NQylh3AgfDGco-ZRVvfiCe,https://drive.google.com/drive/folders/1jX7_nFbQb2NQylh3AgfDGco-ZRVvfiCe
0323,10vDRPBf24__OpX5tVekBZkRbY3g-NxQc,https://drive.google.com/drive/folders/10vDRPBf24__OpX5tVekBZkRbY3g-NxQc
0322,1rAXQbI-UX4iqsFpToyht-bL6Odzrxcrx,https://drive.google.com/drive/folders/1rAXQbI-UX4iqsFpToyht-bL6Odzrxcrx
0321,1aUZBOtC8Nl-uYF3yjGRai4Uz0rkHcVno,https://drive.google.com/drive/folders/1aUZBOtC8Nl-uYF3yjGRai4Uz0rkHcVno
0307,1R9coU5Hp783S0BSDKNAEJpA0SfF1EG9g,https://drive.google.com/drive/folders/1R9coU5Hp783S0BSDKNAEJpA0SfF1EG9g
0306,1xVfKQx3I2md7xbt0ZJJ781jpAT71bMlE,https://drive.google.com/drive/folders/1xVfKQx3I2md7xbt0ZJJ781jpAT71bMlE
0305,13cCBhW4_DC-Az5ydlc-GNyVlNJ8QNIvP,https://drive.google.com/drive/folders/13cCBhW4_DC-Az5ydlc-GNyVlNJ8QNIvP
0304,1lSh61zrJt6AHCJE83c9zestdYVlXoZPd,https://drive.google.com/drive/folders/1lSh61zrJt6AHCJE83c9zestdYVlXoZPd
0302,1nKQjcaz4IikTA3j2UR76N56zoA2jk7a9,https://drive.google.com/drive/folders/1nKQjcaz4IikTA3j2UR76N56zoA2jk7a9
0300,1ljK0GbvbkRmj3Fv5CuXrakGPNSw--uMJ,https://drive.google.com/drive/folders/1ljK0GbvbkRmj3Fv5CuXrakGPNSw--uMJ
0299,1CBqjcW19r26KbT0eioqTehOE2U4fs8he,https://drive.google.com/drive/folders/1CBqjcW19r26KbT0eioqTehOE2U4fs8he
0297,1FWd_HyR6VdI0_h5wvV2WhWU83hiBlgPo,https://drive.google.com/drive/folders/1FWd_HyR6VdI0_h5wvV2WhWU83hiBlgPo
0296,1J2enIQZ-qhSwzu3DUs1TzcZpbPXfZPBW,https://drive.google.com/drive/folders/1J2enIQZ-qhSwzu3DUs1TzcZpbPXfZPBW
0295,1be341sdjMHHC6QAH1JKHBKg1nIgqJpcS,https://drive.google.com/drive/folders/1be341sdjMHHC6QAH1JKHBKg1nIgqJpcS
0292,1JaeG9KlCY-pRkV2424PdIanwYcEiABHW,https://drive.google.com/drive/folders/1JaeG9KlCY-pRkV2424PdIanwYcEiABHW
0290,1P8ak2Ys2p2k02-SWMbj9NBxCm-E2CzW5,https://drive.google.com/drive/folders/1P8ak2Ys2p2k02-SWMbj9NBxCm-E2CzW5
0291,1SQWVYeFyDp6UGBq3cz5aH4DE9ZkBlKVD,https://drive.google.com/drive/folders/1SQWVYeFyDp6UGBq3cz5aH4DE9ZkBlKVD
0286,1B6LsgJoDvFTloyBRHk97MpFAdkImRHLB,https://drive.google.com/drive/folders/1B6LsgJoDvFTloyBRHk97MpFAdkImRHLB
0286,1rBrcFYznYLkoyz3kTnKQJmsOOz6H4ZOa,https://drive.google.com/drive/folders/1rBrcFYznYLkoyz3kTnKQJmsOOz6H4ZOa
0285,113Al-6z2xYEx_cn3nkl3vZWiFRcNQpCj,https://drive.google.com/drive/folders/113Al-6z2xYEx_cn3nkl3vZWiFRcNQpCj
0284,1V241jE1jrC6iwKeoCU6fgevyplqwsRMD,https://drive.google.com/drive/folders/1V241jE1jrC6iwKeoCU6fgevyplqwsRMD
0281,10p8gqNKuf_2CoIQpLs6KN6hSc2kpNujW,https://drive.google.com/drive/folders/10p8gqNKuf_2CoIQpLs6KN6hSc2kpNujW
0279,1Ms2FCylbasxQchN-8pfVxBNLxZa4TGza,https://drive.google.com/drive/folders/1Ms2FCylbasxQchN-8pfVxBNLxZa4TGza
0278,1Z5MIQPf8gOajAXzLxEQijlmUR8VlnEkz,https://drive.google.com/drive/folders/1Z5MIQPf8gOajAXzLxEQijlmUR8VlnEkz
0276,1fxaOIaUS4CldT01hXBb6F2MH-XmOFI0n,https://drive.google.com/drive/folders/1fxaOIaUS4CldT01hXBb6F2MH-XmOFI0n
0277,1ibnVXcPpEndDAKDysvts3slzceMf_bBF,https://drive.google.com/drive/folders/1ibnVXcPpEndDAKDysvts3slzceMf_bBF
0264,1PBdyects7ZsL0fkjCIcze2Rmyp05vwrP,https://drive.google.com/drive/folders/1PBdyects7ZsL0fkjCIcze2Rmyp05vwrP
0275,1vATqQfSFL0Bd1es-bMgXniSFr9zh3mK8,https://drive.google.com/drive/folders/1vATqQfSFL0Bd1es-bMgXniSFr9zh3mK8
0260,1wzpLwpiH5ppjGklxmG1KpJPaHek2nrhL,https://drive.google.com/drive/folders/1wzpLwpiH5ppjGklxmG1KpJPaHek2nrhL
0263,1FSk_Y87YlIUIdtz8gxEUsqQf4wj1Y9a2,https://drive.google.com/drive/folders/1FSk_Y87YlIUIdtz8gxEUsqQf4wj1Y9a2
0258,14zDektr6E8CV3Gw_X7ZwE5n3QZGPmjoM,https://drive.google.com/drive/folders/14zDektr6E8CV3Gw_X7ZwE5n3QZGPmjoM
0259,1KaKe2Fc1kAdHGJSjmluIhnfcWHQ4hXN6,https://drive.google.com/drive/folders/1KaKe2Fc1kAdHGJSjmluIhnfcWHQ4hXN6
0257,1a2LJFobDhPbAM6nNJ4AsylBlrk7rF3um,https://drive.google.com/drive/folders/1a2LJFobDhPbAM6nNJ4AsylBlrk7rF3um
0256,1b0efQdYsqKtCp7RnZj9InjozEcRRe6Lk,https://drive.google.com/drive/folders/1b0efQdYsqKtCp7RnZj9InjozEcRRe6Lk
0255,10rZK7dKwkMvG4r_5cMROQib3pveqR_u8,https://drive.google.com/drive/folders/10rZK7dKwkMvG4r_5cMROQib3pveqR_u8
0254,11dva-jijyLcETbTf0fYR-5DqppSe0ym0,https://drive.google.com/drive/folders/11dva-jijyLcETbTf0fYR-5DqppSe0ym0
0253,1UhVRHS4oHsn_RXE4tDYdpJ1GmAjvwRgh,https://drive.google.com/drive/folders/1UhVRHS4oHsn_RXE4tDYdpJ1GmAjvwRgh
0249,16CJvGIl8E1ziWyRNvb68pRjgCUCPaFTD,https://drive.google.com/drive/folders/16CJvGIl8E1ziWyRNvb68pRjgCUCPaFTD
0247,1nmDnLOklO6rHmAbhYeU8T4CgrxmRs_0A,https://drive.google.com/drive/folders/1nmDnLOklO6rHmAbhYeU8T4CgrxmRs_0A
0246,1ZaL4HM1ff_xkclt9Q8xe5XXfyOTh_Fny,https://drive.google.com/drive/folders/1ZaL4HM1ff_xkclt9Q8xe5XXfyOTh_Fny
0232,1uEsC3smc3sCMh-KCyL7JxO5bysRMbfuv,https://drive.google.com/drive/folders/1uEsC3smc3sCMh-KCyL7JxO5bysRMbfuv
0198,1lyptC_wacYwsgpE31hm1SB8LjP9yqNuT,https://drive.google.com/drive/folders/1lyptC_wacYwsgpE31hm1SB8LjP9yqNuT
0190,1Zx5om6eVisI7_rSQhFbZFQSaFyhJmptm,https://drive.google.com/drive/folders/1Zx5om6eVisI7_rSQhFbZFQSaFyhJmptm
0189,1j72BBwo4X7812DZnnMjYGtbCG_TigSOO,https://drive.google.com/drive/folders/1j72BBwo4X7812DZnnMjYGtbCG_TigSOO
0188,1pqb8mDJ5nU12Axc6LcbE6-VkVQ-c4fga,https://drive.google.com/drive/folders/1pqb8mDJ5nU12Axc6LcbE6-VkVQ-c4fga
0175,1NsPdY5KxmlurzMY-sXIJ4iUIZ1fgDghd,https://drive.google.com/drive/folders/1NsPdY5KxmlurzMY-sXIJ4iUIZ1fgDghd
0116,1Wf__E5T2cVMgGKiw4WXez8dV7NxY0ViE,https://drive.google.com/drive/folders/1Wf__E5T2cVMgGKiw4WXez8dV7NxY0ViE
0107,1n-gqibMxLMxlxVXFLE3y4TM3zTzQvHnf,https://drive.google.com/drive/folders/1n-gqibMxLMxlxVXFLE3y4TM3zTzQvHnf
0104,1SIbutrMJl3EGhDQkYIc4o-AMHHGNiErZ,https://drive.google.com/drive/folders/1SIbutrMJl3EGhDQkYIc4o-AMHHGNiErZ
0102,1i_hfqOoYiLg8LApnYQJg6PFdGFvI3b4k,https://drive.google.com/drive/folders/1i_hfqOoYiLg8LApnYQJg6PFdGFvI3b4k
0100,1nc-_kCFJNq3opaT20j7JB7_RNYvlgET7,https://drive.google.com/drive/folders/1nc-_kCFJNq3opaT20j7JB7_RNYvlgET7
0092,1gtrAaE1lRlbmTzpfwhlTT0WqhtTqYi06,https://drive.google.com/drive/folders/1gtrAaE1lRlbmTzpfwhlTT0WqhtTqYi06
0090,1DUaQsu50xaQi92cvQxiXfkDqQhtlgzkI,https://drive.google.com/drive/folders/1DUaQsu50xaQi92cvQxiXfkDqQhtlgzkI
0085,1w3tvd5xyOUMSS7RXK6ADwsVxVB0yThqU,https://drive.google.com/drive/folders/1w3tvd5xyOUMSS7RXK6ADwsVxVB0yThqU
0084,1SSQNIRhiCgoiQrg9H2WKZE1XQ6_2S-XU,https://drive.google.com/drive/folders/1SSQNIRhiCgoiQrg9H2WKZE1XQ6_2S-XU
0083,1ucowwdw5elorwb94O3lbrPZHObwjKqBV,https://drive.google.com/drive/folders/1ucowwdw5elorwb94O3lbrPZHObwjKqBV
0080,1d3cgfumeeLkoo6-W2XPbnZAcPT3hkbYU,https://drive.google.com/drive/folders/1d3cgfumeeLkoo6-W2XPbnZAcPT3hkbYU
0077,1JpQw3Y5i09iZwonpASeBkJghIuirrM9b,https://drive.google.com/drive/folders/1JpQw3Y5i09iZwonpASeBkJghIuirrM9b
0051,1CQ6-L6N7vL6Xu8AWxGpNvA5srgLDliZP,https://drive.google.com/drive/folders/1CQ6-L6N7vL6Xu8AWxGpNvA5srgLDliZP
0049,1Ye71r-xTlAjWqi0o3_fYFXBqBAmTFHoV,https://drive.google.com/drive/folders/1Ye71r-xTlAjWqi0o3_fYFXBqBAmTFHoV
0039,14_hXMuBDXDCQyolwReL7j8bSh7xxqmuo,https://drive.google.com/drive/folders/14_hXMuBDXDCQyolwReL7j8bSh7xxqmuo
0048,1jmEhXDpQeITIQDsoGS_huyfElRiv0yjg,https://drive.google.com/drive/folders/1jmEhXDpQeITIQDsoGS_huyfElRiv0yjg
0036,10JB5_BBXb_dxrjGZ421HlPaydK0yt_5V,https://drive.google.com/drive/folders/10JB5_BBXb_dxrjGZ421HlPaydK0yt_5V
0032,13mVcdP-8R2HJIzpvFaEb3_O0R9LfMJAB,https://drive.google.com/drive/folders/13mVcdP-8R2HJIzpvFaEb3_O0R9LfMJAB
0029,1BNg38RVTAuPsldHfMjimnkna5MQbWPRC,https://drive.google.com/drive/folders/1BNg38RVTAuPsldHfMjimnkna5MQbWPRC
0023,1-AOSFFN6GlhoL91vKm8oltJ8I9HTI4Ey,https://drive.google.com/drive/folders/1-AOSFFN6GlhoL91vKm8oltJ8I9HTI4Ey
0020,1zQTiggKaE0WW4u5e-5F8AHPumioRO_lo,https://drive.google.com/drive/folders/1zQTiggKaE0WW4u5e-5F8AHPumioRO_lo
0019,1v6cueYsC3tRdH9ob70kt13JW9j1MDqDd,https://drive.google.com/drive/folders/1v6cueYsC3tRdH9ob70kt13JW9j1MDqDd
